Customer Name,Segment,Country,City,State,Postal Code,Region
Claire Gute,Consumer,United States,Henderson,Kentucky,42420,South
Darrin Van Huff,Corporate,United States,Los Angeles,California,90036,West
Sean O'Donnell,Consumer,United States,Fort Lauderdale,Florida,33311,South
Brosina Hoffman,Consumer,United States,Los Angeles,California,90032,West
Andrew Allen,Consumer,United States,Concord,North Carolina,28027,South
Irene Maddox,Consumer,United States,Seattle,Washington,98103,West
Harold Pawlan,Home Office,United States,Fort Worth,Texas,76106,Central
Pete Kriz,Consumer,United States,Madison,Wisconsin,53711,Central
Alejandro Grove,Consumer,United States,West Jordan,Utah,84084,West
Zuschuss Donatelli,Consumer,United States,San Francisco,California,94109,West
Ken Black,Corporate,United States,Fremont,Nebraska,68025,Central
Sandra Flanagan,Consumer,United States,Philadelphia,Pennsylvania,19140,East
Emily Burns,Consumer,United States,Orem,Utah,84057,West
Eric Hoffmann,Consumer,United States,Los Angeles,California,90049,West
Tracy Blumstein,Consumer,United States,Philadelphia,Pennsylvania,19140,East
Matt Abelman,Home Office,United States,Houston,Texas,77095,Central
Gene Hale,Corporate,United States,Richardson,Texas,75080,Central
Steve Nguyen,Home Office,United States,Houston,Texas,77041,Central
Linda Cazamias,Corporate,United States,Naperville,Illinois,60540,Central
Ruben Ausman,Corporate,United States,Los Angeles,California,90049,West
Erin Smith,Corporate,United States,Melbourne,Florida,32935,South
Odella Nelson,Corporate,United States,Eagan,Minnesota,55122,Central
Patrick O'Donnell,Consumer,United States,Westland,Michigan,48185,Central
Lena Hernandez,Consumer,United States,Dover,Delaware,19901,East
Darren Powers,Consumer,United States,New Albany,Indiana,47150,Central
Janet Molinari,Corporate,United States,New York City,New York,10024,East
Ted Butterfield,Consumer,United States,Troy,New York,12180,East
Kunst Miller,Consumer,United States,Los Angeles,California,90004,West
Paul Stevenson,Home Office,United States,Chicago,Illinois,60610,Central
Brendan Sweed,Corporate,United States,Gilbert,Arizona,85234,West
Karen Daniels,Consumer,United States,Springfield,Virginia,22153,South
Henry MacAllister,Consumer,United States,New York City,New York,10009,East
Joel Eaton,Consumer,United States,Memphis,Tennessee,38109,South
Ken Brennan,Corporate,United States,Houston,Texas,77041,Central
Stewart Carmichael,Corporate,United States,Decatur,Alabama,35601,South
Duane Noonan,Consumer,United States,San Francisco,California,94122,West
Julie Creighton,Corporate,United States,Durham,North Carolina,27707,South
Christopher Schild,Home Office,United States,Chicago,Illinois,60623,Central
Paul Gonzalez,Consumer,United States,Rochester,Minnesota,55901,Central
Gary Mitchum,Home Office,United States,Houston,Texas,77095,Central
Jim Sink,Corporate,United States,Los Angeles,California,90036,West
Karl Braun,Consumer,United States,Minneapolis,Minnesota,55407,Central
Roger Barcio,Home Office,United States,Portland,Oregon,97206,West
Parhena Norris,Home Office,United States,New York City,New York,10009,East
Katherine Ducich,Consumer,United States,San Francisco,California,94122,West
Elpida Rittenbach,Corporate,United States,Saint Paul,Minnesota,55106,Central
Rick Bensley,Home Office,United States,Chicago,Illinois,60610,Central
Gary Zandusky,Consumer,United States,Rochester,Minnesota,55901,Central
Lena Cacioppo,Consumer,United States,Aurora,Colorado,80013,West
Janet Martin,Consumer,United States,Charlotte,North Carolina,28205,South
Pete Armstrong,Home Office,United States,Orland Park,Illinois,60462,Central
Cynthia Voltz,Corporate,United States,New York City,New York,10035,East
Clay Ludtke,Consumer,United States,Urbandale,Iowa,50322,Central
Ryan Crowe,Consumer,United States,Columbus,Ohio,43229,East
Dave Kipp,Consumer,United States,Seattle,Washington,98103,West
Greg Guthrie,Corporate,United States,Bristol,Tennessee,37620,South
Steven Cartwright,Consumer,United States,Wilmington,Delaware,19805,East
Alan Dominguez,Home Office,United States,Houston,Texas,77041,Central
Philip Fox,Consumer,United States,Bloomington,Illinois,61701,Central
Troy Staebel,Consumer,United States,Phoenix,Arizona,85023,West
Lindsay Shagiari,Home Office,United States,Los Angeles,California,90004,West
Dorothy Wardle,Corporate,United States,Columbus,Ohio,43229,East
Lena Creighton,Consumer,United States,Roseville,California,95661,West
Jonathan Doherty,Corporate,United States,Philadelphia,Pennsylvania,19140,East
Sally Hughsby,Corporate,United States,San Francisco,California,94122,West
Sandra Glassco,Consumer,United States,Independence,Missouri,64055,Central
Helen Andreada,Consumer,United States,Pasadena,California,91104,West
Maureen Gastineau,Home Office,United States,Newark,Ohio,43055,East
Justin Ellison,Corporate,United States,Franklin,Wisconsin,53132,Central
Tamara Willingham,Home Office,United States,Scottsdale,Arizona,85254,West
Stephanie Phelps,Corporate,United States,San Jose,California,95123,West
Neil Knudson,Home Office,United States,Seattle,Washington,98105,West
Dave Brooks,Consumer,United States,Seattle,Washington,98115,West
Nora Paige,Consumer,United States,Edmond,Oklahoma,73034,Central
Ted Trevino,Consumer,United States,Los Angeles,California,90045,West
Eric Murdock,Consumer,United States,Philadelphia,Pennsylvania,19134,East
Ruben Dartt,Consumer,United States,Carlsbad,New Mexico,88220,West
Max Jones,Consumer,United States,Seattle,Washington,98115,West
Becky Martin,Consumer,United States,San Antonio,Texas,78207,Central
Chad Sievert,Consumer,United States,Los Angeles,California,90004,West
Jennifer Braxton,Corporate,United States,Chicago,Illinois,60623,Central
Shirley Jackson,Consumer,United States,Houston,Texas,77036,Central
Jim Kriz,Home Office,United States,New York City,New York,10009,East
David Kendrick,Corporate,United States,Decatur,Illinois,62521,Central
Robert Marley,Home Office,United States,Monroe,Louisiana,71203,South
Sally Knutson,Consumer,United States,Fairfield,Connecticut,6824,East
Frank Merwin,Home Office,United States,Los Angeles,California,90032,West
Alice McCarthy,Corporate,United States,Grand Prairie,Texas,75051,Central
Mark Packer,Home Office,United States,New York City,New York,10035,East
Mary Zewe,Corporate,United States,Redlands,California,92374,West
Cassandra Brandow,Consumer,United States,Hamilton,Ohio,45011,East
Valerie Mitchum,Home Office,United States,Westfield,New Jersey,7090,East
Fred Hopkins,Corporate,United States,Philadelphia,Pennsylvania,19120,East
Maria Bertelson,Consumer,United States,Akron,Ohio,44312,East
Bruce Stewart,Consumer,United States,Denver,Colorado,80219,West
Logan Currie,Consumer,United States,Dallas,Texas,75220,Central
Heather Kirkland,Corporate,United States,Franklin,Tennessee,37064,South
Laurel Elliston,Consumer,United States,Whittier,California,90604,West
Joseph Holt,Consumer,United States,Saginaw,Michigan,48601,Central
Michael Stewart,Corporate,United States,Dallas,Texas,75220,Central
Victoria Wilson,Corporate,United States,Medina,Ohio,44256,East
Jonathan Howell,Consumer,United States,Los Angeles,California,90032,West
Joni Blumstein,Consumer,United States,Dublin,Ohio,43017,East
David Smith,Corporate,United States,Detroit,Michigan,48227,Central
Valerie Dominguez,Consumer,United States,Columbia,Tennessee,38401,South
Erin Ashbrook,Corporate,United States,Charlotte,North Carolina,28205,South
David Bremer,Corporate,United States,Santa Clara,California,95051,West
Ken Lonsdale,Consumer,United States,Chicago,Illinois,60610,Central
Dianna Wilson,Home Office,United States,Lakeville,Minnesota,55044,Central
Logan Haushalter,Consumer,United States,San Francisco,California,94109,West
Kelly Collister,Consumer,United States,San Diego,California,92037,West
Delfina Latchford,Consumer,United States,New York City,New York,10024,East
Dan Reichenbach,Corporate,United States,Chicago,Illinois,60623,Central
Craig Carreira,Consumer,United States,New York City,New York,10009,East
Dorris liebe,Corporate,United States,Pasadena,Texas,77506,Central
Sean Braxton,Corporate,United States,Houston,Texas,77036,Central
Roy Collins,Consumer,United States,Chicago,Illinois,60610,Central
Alan Hwang,Consumer,United States,Brentwood,California,94513,West
Claudia Bergmann,Corporate,United States,Chapel Hill,North Carolina,27514,South
Christine Abelman,Corporate,United States,Cincinnati,Ohio,45231,East
Kristen Hastings,Corporate,United States,San Francisco,California,94110,West
Barry Blumstein,Corporate,United States,Inglewood,California,90301,West
Andrew Gjertsen,Corporate,United States,Philadelphia,Pennsylvania,19140,East
Jas O'Carroll,Consumer,United States,Los Angeles,California,90004,West
Alan Haines,Corporate,United States,Tamarac,Florida,33319,South
Nick Zandusky,Home Office,United States,Columbus,Ohio,43229,East
Kelly Lampkin,Corporate,United States,Colorado Springs,Colorado,80906,West
Alan Schoenberger,Corporate,United States,New York City,New York,10024,East
Corey Roper,Home Office,United States,Lakewood,New Jersey,8701,East
Shahid Hopkins,Consumer,United States,Arlington,Virginia,22204,South
Ben Peterman,Corporate,United States,Arvada,Colorado,80004,West
Thomas Seio,Corporate,United States,Hackensack,New Jersey,7601,East
Andy Gerbode,Corporate,United States,Saint Petersburg,Florida,33710,South
Sung Pak,Corporate,United States,Philadelphia,Pennsylvania,19143,East
Nathan Mautz,Home Office,United States,New York City,New York,10024,East
Frank Atkinson,Corporate,United States,Long Beach,California,90805,West
Grace Kelly,Corporate,United States,Hesperia,California,92345,West
Don Jones,Corporate,United States,Murfreesboro,Tennessee,37130,South
Patrick O'Brill,Consumer,United States,Philadelphia,Pennsylvania,19143,East
John Lucas,Consumer,United States,Philadelphia,Pennsylvania,19134,East
Doug Bickford,Consumer,United States,Los Angeles,California,90045,West
Alyssa Crouse,Corporate,United States,San Francisco,California,94122,West
Clay Cheatham,Consumer,United States,San Francisco,California,94122,West
Tamara Dahlen,Consumer,United States,Lowell,Massachusetts,1852,East
Adam Bellavance,Home Office,United States,New York City,New York,10009,East
Jeremy Lonsdale,Consumer,United States,New York City,New York,10035,East
Victoria Brennan,Corporate,United States,Columbus,Georgia,31907,South
Katrina Willman,Consumer,United States,New York City,New York,10009,East
Julia Dunbar,Consumer,United States,San Francisco,California,94109,West
Michael Kennedy,Corporate,United States,Manchester,Connecticut,6040,East
Guy Thornton,Consumer,United States,Harlingen,Texas,78550,Central
Arthur Gainer,Consumer,United States,Tucson,Arizona,85705,West
Muhammed MacIntyre,Corporate,United States,Quincy,Illinois,62301,Central
Allen Rosenblatt,Corporate,United States,Franklin,Massachusetts,2038,East
Russell Applegate,Consumer,United States,Houston,Texas,77095,Central
Alejandro Savely,Corporate,United States,San Francisco,California,94109,West
Laura Armstrong,Corporate,United States,Taylor,Michigan,48180,Central
Denny Ordway,Consumer,United States,Pembroke Pines,Florida,33024,South
Dean Katz,Corporate,United States,Philadelphia,Pennsylvania,19140,East
Nathan Gelder,Consumer,United States,Cincinnati,Ohio,45231,East
Mike Vittorini,Consumer,United States,New York City,New York,10009,East
Jack Garza,Consumer,United States,Des Moines,Washington,98198,West
Bart Pistole,Corporate,United States,Peoria,Illinois,61604,Central
Victor Preis,Home Office,United States,Las Vegas,Nevada,89115,West
Saphhira Shifley,Corporate,United States,Warwick,Rhode Island,2886,East
Anna Gayman,Consumer,United States,Houston,Texas,77036,Central
Luke Foster,Consumer,United States,Miami,Florida,33180,South
Roy Französisch,Consumer,United States,New York City,New York,10024,East
Keith Herrera,Consumer,United States,San Francisco,California,94110,West
Kimberly Carter,Corporate,United States,Seattle,Washington,98105,West
Caroline Jumper,Consumer,United States,Huntington Beach,California,92646,West
Philip Brown,Consumer,United States,Los Angeles,California,90004,West
Michael Paige,Corporate,United States,Lawrence,Massachusetts,1841,East
Natalie Fritzler,Consumer,United States,Jackson,Mississippi,39212,South
Shirley Daniels,Home Office,United States,New Rochelle,New York,10801,East
Ken Heidel,Corporate,United States,San Antonio,Texas,78207,Central
Ross Baird,Home Office,United States,Gastonia,North Carolina,28052,South
Mike Kennedy,Consumer,United States,Jacksonville,Florida,32216,South
Philisse Overcash,Home Office,United States,Chicago,Illinois,60623,Central
Brenda Bowman,Corporate,United States,Houston,Texas,77070,Central
Troy Blackwell,Consumer,United States,Columbus,Indiana,47201,Central
Raymond Buch,Consumer,United States,Auburn,New York,13021,East
Ed Braxton,Corporate,United States,Akron,Ohio,44312,East
Sanjit Chand,Consumer,United States,Concord,California,94521,West
Tanja Norvell,Home Office,United States,Phoenix,Arizona,85023,West
Joni Sundaresam,Home Office,United States,Park Ridge,Illinois,60068,Central
Maya Herman,Corporate,United States,Lindenhurst,New York,11757,East
Jeremy Pistek,Consumer,United States,San Francisco,California,94110,West
Jeremy Ellison,Consumer,United States,Troy,New York,12180,East
John Grady,Corporate,United States,New York City,New York,10024,East
Xylona Preis,Consumer,United States,San Diego,California,92024,West
Erin Mull,Consumer,United States,New York City,New York,10024,East
Michelle Tran,Home Office,United States,Los Angeles,California,90045,West
Sue Ann Reed,Consumer,United States,Chicago,Illinois,60610,Central
Carl Weiss,Home Office,United States,Huntsville,Texas,77340,Central
Astrea Jones,Consumer,United States,Rochester,New York,14609,East
Sonia Sunley,Consumer,United States,Seattle,Washington,98115,West
Rose O'Brian,Consumer,United States,Memphis,Tennessee,38109,South
Maribeth Dona,Consumer,United States,Fayetteville,Arkansas,72701,South
Maribeth Yedwab,Corporate,United States,Parker,Colorado,80134,West
Christopher Martinez,Consumer,United States,Atlanta,Georgia,30318,South
Lynn Smith,Consumer,United States,Gladstone,Missouri,64118,Central
Bradley Nguyen,Consumer,United States,Los Angeles,California,90049,West
Dean Braden,Consumer,United States,Houston,Texas,77041,Central
Matt Connell,Corporate,United States,Detroit,Michigan,48234,Central
Brian Dahlen,Consumer,United States,Lawrence,Massachusetts,1841,East
Patricia Hirasaki,Home Office,United States,Lakeland,Florida,33801,South
Mike Gockenbach,Consumer,United States,Philadelphia,Pennsylvania,19134,East
Karen Bern,Corporate,United States,Los Angeles,California,90036,West
Jasper Cacioppo,Consumer,United States,Los Angeles,California,90032,West
Rob Lucas,Consumer,United States,Montgomery,Alabama,36116,South
Allen Armold,Consumer,United States,Mesa,Arizona,85204,West
Emily Phan,Consumer,United States,Chicago,Illinois,60653,Central
Darren Koutras,Consumer,United States,Henderson,Kentucky,42420,South
Bradley Drucker,Consumer,United States,Green Bay,Wisconsin,54302,Central
Liz MacKendrick,Consumer,United States,Springfield,Ohio,45503,East
Adrian Shami,Home Office,United States,New York City,New York,10035,East
Bill Donatelli,Consumer,United States,San Francisco,California,94110,West
Greg Tran,Consumer,United States,Houston,Texas,77070,Central
Ashley Jarboe,Consumer,United States,Wilmington,North Carolina,28403,South
Olvera Toch,Consumer,United States,Los Angeles,California,90045,West
Liz Pelletier,Consumer,United States,San Francisco,California,94110,West
Cynthia Arntzen,Consumer,United States,Tampa,Florida,33614,South
Jeremy Farry,Consumer,United States,Seattle,Washington,98105,West
Frank Preis,Consumer,United States,Los Angeles,California,90008,West
Ellis Ballard,Corporate,United States,Seattle,Washington,98105,West
Jennifer Ferguson,Consumer,United States,New York City,New York,10024,East
Sarah Foster,Consumer,United States,Marysville,Washington,98270,West
Trudy Glocke,Consumer,United States,Long Beach,California,90805,West
Carlos Soltero,Consumer,United States,Chicago,Illinois,60610,Central
Charles Crestani,Consumer,United States,Los Angeles,California,90004,West
Dianna Vittorini,Consumer,United States,Denver,Colorado,80219,West
Bruce Degenhardt,Consumer,United States,Richmond,Kentucky,40475,South
Zuschuss Carroll,Consumer,United States,Salem,Oregon,97301,West
Melanie Seite,Consumer,United States,Laredo,Texas,78041,Central
Lena Radford,Consumer,United States,San Diego,California,92024,West
Theone Pippenger,Consumer,United States,Philadelphia,Pennsylvania,19134,East
Chloris Kastensmidt,Consumer,United States,Philadelphia,Pennsylvania,19120,East
Alan Shonely,Consumer,United States,Tampa,Florida,33614,South
Andrew Roberts,Consumer,United States,Philadelphia,Pennsylvania,19134,East
Nona Balk,Corporate,United States,Dallas,Texas,75217,Central
Giulietta Dortch,Corporate,United States,Philadelphia,Pennsylvania,19143,East
Clytie Kelty,Consumer,United States,Grove City,Ohio,43123,East
Nat Gilpin,Corporate,United States,New York City,New York,10011,East
Christina Anderson,Consumer,United States,Chicago,Illinois,60610,Central
Sylvia Foulston,Corporate,United States,Dearborn,Michigan,48126,Central
Meg O'Connel,Home Office,United States,New York City,New York,10009,East
Annie Thurman,Consumer,United States,Seattle,Washington,98115,West
Fred McMath,Consumer,United States,Aurora,Colorado,80013,West
Denny Joy,Corporate,United States,Warner Robins,Georgia,31088,South
Max Engle,Consumer,United States,Aurora,Colorado,80013,West
Justin Deggeller,Corporate,United States,Minneapolis,Minnesota,55407,Central
John Lee,Consumer,United States,Mission Viejo,California,92691,West
Sean Christensen,Consumer,United States,Rochester Hills,Michigan,48307,Central
Chuck Clark,Home Office,United States,Columbus,Indiana,47201,Central
Anthony Rawles,Corporate,United States,Vancouver,Washington,98661,West
Steven Roelle,Home Office,United States,New York City,New York,10024,East
Craig Reiter,Consumer,United States,Columbus,Ohio,43229,East
Eugene Hildebrand,Home Office,United States,Aurora,Illinois,60505,Central
Sibella Parks,Corporate,United States,New York City,New York,10011,East
Tiffany House,Corporate,United States,Dallas,Texas,75081,Central
Resi Pölking,Consumer,United States,Cleveland,Ohio,44105,East
Rob Beeghly,Consumer,United States,Columbus,Indiana,47201,Central
Carol Darley,Consumer,United States,Tyler,Texas,75701,Central
Doug Jacobs,Consumer,United States,New York City,New York,10024,East
Grant Thornton,Corporate,United States,Burlington,North Carolina,27217,South
Michael Chen,Consumer,United States,Jackson,Mississippi,39212,South
Ralph Arnett,Consumer,United States,New York City,New York,10035,East
Naresj Patel,Consumer,United States,Waynesboro,Virginia,22980,South
Alan Barnes,Consumer,United States,Los Angeles,California,90036,West
Jesus Ocampo,Home Office,United States,Chester,Pennsylvania,19013,East
Jay Kimmel,Consumer,United States,Long Beach,California,90805,West
Brad Norvell,Corporate,United States,Cary,North Carolina,27511,South
David Philippe,Consumer,United States,New York City,New York,10035,East
Tracy Hopkins,Home Office,United States,New York City,New York,10035,East
Arthur Prichep,Consumer,United States,Palm Coast,Florida,32137,South
Roland Schwarz,Corporate,United States,Mount Vernon,New York,10550,East
Seth Vernon,Consumer,United States,Dover,Delaware,19901,East
Christine Kargatis,Home Office,United States,Orem,Utah,84057,West
Ross DeVincentis,Home Office,United States,Los Angeles,California,90045,West
Mathew Reese,Home Office,United States,Philadelphia,Pennsylvania,19140,East
Steve Chapman,Corporate,United States,Hialeah,Florida,33012,South
Jay Fein,Consumer,United States,Austin,Texas,78745,Central
Emily Grady,Consumer,United States,Oceanside,New York,11572,East
Darrin Sayre,Home Office,United States,Seattle,Washington,98115,West
Phillina Ober,Home Office,United States,Naperville,Illinois,60540,Central
Sung Shariari,Consumer,United States,Dallas,Texas,75220,Central
Peter Bühler,Consumer,United States,Evanston,Illinois,60201,Central
Roland Fjeld,Consumer,United States,Trenton,Michigan,48183,Central
Yoseph Carroll,Corporate,United States,San Francisco,California,94110,West
Debra Catini,Consumer,United States,Cottage Grove,Minnesota,55016,Central
Christine Phan,Corporate,United States,New York City,New York,10009,East
Barry Französisch,Corporate,United States,Green Bay,Wisconsin,54302,Central
Lisa Hazard,Consumer,United States,Columbus,Ohio,43229,East
Chris Selesnick,Corporate,United States,Bossier City,Louisiana,71111,South
Anthony Johnson,Corporate,United States,Saint Petersburg,Florida,33710,South
Benjamin Venier,Corporate,United States,Des Moines,Iowa,50315,Central
Dan Lawera,Consumer,United States,Cincinnati,Ohio,45231,East
Bryan Mills,Consumer,United States,Columbus,Ohio,43229,East
Liz Thompson,Consumer,United States,Lancaster,California,93534,West
Joe Kamberova,Consumer,United States,Asheville,North Carolina,28806,South
Erica Smith,Consumer,United States,San Francisco,California,94110,West
Rick Hansen,Consumer,United States,Rochester,Minnesota,55901,Central
Carlos Daly,Consumer,United States,Lake Elsinore,California,92530,West
Helen Wasserman,Corporate,United States,San Diego,California,92105,West
Mike Caudle,Corporate,United States,Monroe,Louisiana,71203,South
Gary McGarr,Consumer,United States,San Francisco,California,94122,West
Pauline Johnson,Consumer,United States,Santa Ana,California,92704,West
Bart Watters,Corporate,United States,Milwaukee,Wisconsin,53209,Central
Toby Ritter,Consumer,United States,Belleville,New Jersey,7109,East
Patrick Gardner,Consumer,United States,San Francisco,California,94110,West
James Lanier,Home Office,United States,Columbia,Tennessee,38401,South
Brian Moss,Corporate,United States,New York City,New York,10035,East
Eudokia Martin,Corporate,United States,Los Angeles,California,90036,West
Art Foster,Consumer,United States,Louisville,Kentucky,40214,South
Guy Armstrong,Consumer,United States,Lorain,Ohio,44052,East
Cyma Kinney,Corporate,United States,Linden,New Jersey,7036,East
Dave Poirier,Corporate,United States,Salinas,California,93905,West
Berenike Kampe,Consumer,United States,New York City,New York,10035,East
Sanjit Jacobs,Home Office,United States,New Brunswick,New Jersey,8901,East
Chuck Magee,Consumer,United States,San Francisco,California,94122,West
Anthony Jacobs,Corporate,United States,Springfield,Virginia,22153,South
Linda Southworth,Corporate,United States,Philadelphia,Pennsylvania,19140,East
Guy Phonely,Corporate,United States,Lancaster,Pennsylvania,17602,East
Paul Knutson,Home Office,United States,Philadelphia,Pennsylvania,19143,East
Sally Matthias,Consumer,United States,New York City,New York,10009,East
Anthony Garverick,Home Office,United States,Philadelphia,Pennsylvania,19120,East
Peter McVee,Home Office,United States,Detroit,Michigan,48227,Central
Lauren Leatherbury,Consumer,United States,Rochester,New York,14609,East
Jill Stevenson,Corporate,United States,Los Angeles,California,90045,West
Ed Ludwig,Home Office,United States,Columbia,Maryland,21044,East
Pamela Coakley,Corporate,United States,San Francisco,California,94122,West
Hunter Lopez,Consumer,United States,Houston,Texas,77095,Central
Maribeth Schnelling,Consumer,United States,Detroit,Michigan,48227,Central
George Bell,Corporate,United States,Auburn,New York,13021,East
Justin Ritter,Corporate,United States,Springfield,Ohio,45503,East
Bill Eplett,Home Office,United States,Jackson,Michigan,49201,Central
Sample Company A,Home Office,United States,Norwich,Connecticut,6360,East
Rob Williams,Corporate,United States,Dallas,Texas,75220,Central
Sanjit Engle,Consumer,United States,New York City,New York,10009,East
Adam Hart,Corporate,United States,New York City,New York,10011,East
Jessica Myrick,Consumer,United States,Philadelphia,Pennsylvania,19143,East
Joel Jenkins,Home Office,United States,Springfield,Virginia,22153,South
Ralph Kennedy,Consumer,United States,Philadelphia,Pennsylvania,19140,East
Catherine Glotzbach,Home Office,United States,Philadelphia,Pennsylvania,19120,East
Rachel Payne,Corporate,United States,Riverside,California,92503,West
Karen Carlisle,Corporate,United States,San Francisco,California,94110,West
Katherine Hughes,Consumer,United States,Philadelphia,Pennsylvania,19143,East
Greg Hansen,Consumer,United States,Round Rock,Texas,78664,Central
Scott Williamson,Consumer,United States,Jackson,Mississippi,39212,South
Joseph Airdo,Consumer,United States,Phoenix,Arizona,85023,West
Daniel Lacy,Consumer,United States,Oceanside,California,92054,West
Lindsay Williams,Corporate,United States,San Francisco,California,94110,West
Thomas Brumley,Home Office,United States,Fayetteville,Arkansas,72701,South
Bryan Spruell,Home Office,United States,New York City,New York,10011,East
Robert Waldorf,Consumer,United States,Wilmington,North Carolina,28403,South
Tracy Zic,Consumer,United States,Louisville,Colorado,80027,West
Ann Steele,Home Office,United States,Pasadena,Texas,77506,Central
Toby Swindell,Consumer,United States,Houston,Texas,77041,Central
Sara Luxemburg,Home Office,United States,Jacksonville,Florida,32216,South
Mitch Willingham,Corporate,United States,Virginia Beach,Virginia,23464,South
Rob Dowd,Consumer,United States,Henderson,Kentucky,42420,South
Ryan Akin,Consumer,United States,Murrieta,California,92563,West
Meg Tillman,Consumer,United States,Scottsdale,Arizona,85254,West
Vivek Gonzalez,Consumer,United States,San Diego,California,92037,West
John Stevenson,Consumer,United States,Seattle,Washington,98103,West
Kalyca Meade,Corporate,United States,New York City,New York,10011,East
Hallie Redmond,Home Office,United States,Los Angeles,California,90045,West
Deanra Eno,Home Office,United States,Springfield,Ohio,45503,East
Allen Goldenen,Consumer,United States,Cincinnati,Ohio,45231,East
Jennifer Jackson,Consumer,United States,Los Angeles,California,90004,West
Jennifer Halladay,Consumer,United States,Burlington,North Carolina,27217,South
Robert Dilbeck,Home Office,United States,Saint Peters,Missouri,63376,Central
Mary O'Rourke,Consumer,United States,New York City,New York,10035,East
Noel Staavos,Corporate,United States,Chicago,Illinois,60610,Central
Deirdre Greer,Corporate,United States,Philadelphia,Pennsylvania,19134,East
Nicole Fjeld,Home Office,United States,New York City,New York,10009,East
Matthew Grinstein,Home Office,United States,Philadelphia,Pennsylvania,19143,East
Theresa Swint,Corporate,United States,Toledo,Ohio,43615,East
Brian DeCherney,Consumer,United States,San Francisco,California,94122,West
Charles McCrossin,Consumer,United States,Brownsville,Texas,78521,Central
Skye Norling,Home Office,United States,Los Angeles,California,90008,West
Erica Hernandez,Home Office,United States,Denver,Colorado,80219,West
Frank Olsen,Consumer,United States,New York City,New York,10035,East
Maurice Satty,Consumer,United States,Mesa,Arizona,85204,West
Chad Cunningham,Home Office,United States,Columbus,Indiana,47201,Central
Don Weiss,Consumer,United States,Seattle,Washington,98105,West
Bill Tyler,Corporate,United States,Detroit,Michigan,48227,Central
Craig Yedwab,Corporate,United States,Oakland,California,94601,West
Brad Thomas,Home Office,United States,Clinton,Maryland,20735,East
Penelope Sewall,Home Office,United States,Charlotte,North Carolina,28205,South
Paul Van Hugh,Home Office,United States,San Francisco,California,94122,West
Neoma Murray,Consumer,United States,Riverside,California,92503,West
Dionis Lloyd,Corporate,United States,San Francisco,California,94110,West
Christine Sundaresam,Consumer,United States,Roswell,Georgia,30076,South
Frank Hawley,Corporate,United States,La Porte,Indiana,46350,Central
Nat Carroll,Consumer,United States,Lansing,Michigan,48911,Central
Alex Avila,Consumer,United States,Minneapolis,Minnesota,55407,Central
Larry Tron,Consumer,United States,Escondido,California,92025,West
Anne Pryor,Home Office,United States,New York City,New York,10035,East
Paul MacIntyre,Consumer,United States,Jackson,Michigan,49201,Central
Alyssa Tate,Home Office,United States,Los Angeles,California,90004,West
Cathy Armstrong,Home Office,United States,Houston,Texas,77070,Central
Harold Ryan,Corporate,United States,Seattle,Washington,98103,West
Bradley Talbott,Home Office,United States,Los Angeles,California,90036,West
Larry Hughes,Consumer,United States,Charlotte,North Carolina,28205,South
Steven Ward,Corporate,United States,New York City,New York,10009,East
Stefania Perrino,Corporate,United States,Philadelphia,Pennsylvania,19134,East
Ben Ferrer,Home Office,United States,Los Angeles,California,90036,West
Kean Thornton,Consumer,United States,Buffalo,New York,14215,East
Brooke Gillingham,Corporate,United States,Cincinnati,Ohio,45231,East
Greg Matthias,Consumer,United States,Seattle,Washington,98105,West
Eva Jacobs,Consumer,United States,Gulfport,Mississippi,39503,South
Nora Preis,Consumer,United States,Fresno,California,93727,West
Mick Hernandez,Home Office,United States,Chester,Pennsylvania,19013,East
Jocasta Rupert,Consumer,United States,Jacksonville,Florida,32216,South
Suzanne McNair,Corporate,United States,Greenville,North Carolina,27834,South
Chris Cortes,Consumer,United States,La Porte,Indiana,46350,Central
Phillip Flathmann,Consumer,United States,San Francisco,California,94122,West
Dan Campbell,Consumer,United States,Florence,Alabama,35630,South
Bryan Davis,Consumer,United States,Houston,Texas,77070,Central
Gene McClure,Consumer,United States,Providence,Rhode Island,2908,East
Todd Boyes,Corporate,United States,New York City,New York,10009,East
Justin Hirsh,Consumer,United States,Pueblo,Colorado,81001,West
Erica Bern,Corporate,United States,Fairfield,California,94533,West
Quincy Jones,Corporate,United States,Saint Paul,Minnesota,55106,Central
Tracy Collins,Home Office,United States,Arlington,Virginia,22204,South
Chuck Sachs,Consumer,United States,Columbus,Georgia,31907,South
Henry Goldwyn,Corporate,United States,Los Angeles,California,90032,West
Laurel Workman,Corporate,United States,Deltona,Florida,32725,South
Matt Collins,Consumer,United States,Cincinnati,Ohio,45231,East
Liz Preis,Consumer,United States,Murray,Kentucky,42071,South
Evan Bailliet,Consumer,United States,Wilmington,North Carolina,28403,South
George Zrebassa,Corporate,United States,Lawrence,Massachusetts,1841,East
Cathy Prescott,Corporate,United States,Norwich,Connecticut,6360,East
Frank Gastineau,Home Office,United States,San Francisco,California,94110,West
Lisa DeCherney,Consumer,United States,San Francisco,California,94109,West
Alejandro Ballentine,Home Office,United States,Lorain,Ohio,44052,East
Michael Nguyen,Consumer,United States,Dallas,Texas,75220,Central
Jim Radford,Consumer,United States,Middletown,Connecticut,6457,East
Jamie Frazer,Consumer,United States,Los Angeles,California,90008,West
Chad McGuire,Consumer,United States,New York City,New York,10011,East
Aaron Smayling,Corporate,United States,Jacksonville,North Carolina,28540,South
Beth Paige,Consumer,United States,Evanston,Illinois,60201,Central
Natalie DeCherney,Consumer,United States,Louisville,Kentucky,40214,South
Larry Blacks,Consumer,United States,Fort Worth,Texas,76106,Central
Kean Takahito,Consumer,United States,Los Angeles,California,90049,West
Harry Marie,Corporate,United States,Philadelphia,Pennsylvania,19120,East
Ann Blume,Corporate,United States,Tucson,Arizona,85705,West
Sam Zeldin,Home Office,United States,Pico Rivera,California,90660,West
Michael Granlund,Home Office,United States,Clinton,Maryland,20735,East
Julie Kriz,Home Office,United States,Aurora,Illinois,60505,Central
Paul Prost,Home Office,United States,Smyrna,Georgia,30080,South
Yana Sorensen,Corporate,United States,Burlington,North Carolina,27217,South
Katherine Murray,Home Office,United States,Salem,Virginia,24153,South
Adrian Barton,Consumer,United States,Phoenix,Arizona,85023,West
Helen Abelman,Consumer,United States,New York City,New York,10024,East
Beth Thompson,Home Office,United States,Costa Mesa,California,92627,West
Stuart Van,Corporate,United States,Houston,Texas,77041,Central
Rick Wilson,Corporate,United States,Mesa,Arizona,85204,West
Damala Kotsonis,Corporate,United States,Salinas,California,93905,West
Shui Tom,Consumer,United States,Parma,Ohio,44134,East
Michael Moore,Consumer,United States,San Francisco,California,94110,West
Pauline Webber,Corporate,United States,Richmond,Kentucky,40475,South
Shaun Chance,Corporate,United States,Aurora,Colorado,80013,West
Thais Sissman,Consumer,United States,Phoenix,Arizona,85023,West
Mark Cousins,Corporate,United States,Mobile,Alabama,36608,South
Maria Etezadi,Home Office,United States,Columbus,Georgia,31907,South
Nicole Hansen,Corporate,United States,Irving,Texas,75061,Central
Mick Brown,Consumer,United States,Vineland,New Jersey,8360,East
Keith Dawkins,Corporate,United States,New York City,New York,10009,East
Katherine Nockton,Corporate,United States,Los Angeles,California,90004,West
Nora Pelletier,Home Office,United States,Niagara Falls,New York,14304,East
Cindy Stewart,Consumer,United States,Thomasville,North Carolina,27360,South
Maxwell Schwartz,Consumer,United States,New York City,New York,10035,East
Corinna Mitchell,Home Office,United States,Los Angeles,California,90008,West
Corey-Lock,Consumer,United States,Philadelphia,Pennsylvania,19143,East
Todd Sumrall,Corporate,United States,New York City,New York,10035,East
Jane Waco,Corporate,United States,Vancouver,Washington,98661,West
John Dryer,Consumer,United States,Coppell,Texas,75019,Central
Pauline Chand,Home Office,United States,Los Angeles,California,90004,West
Andy Reiter,Consumer,United States,New York City,New York,10024,East
Arianne Irving,Consumer,United States,Philadelphia,Pennsylvania,19120,East
Tom Boeckenhauer,Consumer,United States,Seattle,Washington,98105,West
Paul Lucas,Home Office,United States,Chicago,Illinois,60610,Central
Gary Hwang,Consumer,United States,Tucson,Arizona,85705,West
Mike Pelletier,Home Office,United States,Laguna Niguel,California,92677,West
Jim Mitchum,Corporate,United States,Bridgeton,New Jersey,8302,East
Carl Ludwig,Consumer,United States,Everett,Massachusetts,2149,East
Deborah Brumfield,Home Office,United States,San Diego,California,92024,West
Ivan Gibson,Consumer,United States,San Diego,California,92024,West
Bobby Odegard,Consumer,United States,Richmond,Kentucky,40475,South
Aimee Bixby,Consumer,United States,Long Beach,New York,11561,East
Julia West,Consumer,United States,Philadelphia,Pennsylvania,19140,East
Edward Becker,Corporate,United States,Seattle,Washington,98103,West
Sheri Gordon,Consumer,United States,New York City,New York,10011,East
Charlotte Melton,Consumer,United States,Philadelphia,Pennsylvania,19134,East
Anthony Witt,Consumer,United States,Allen,Texas,75002,Central
Mick Crebagga,Consumer,United States,El Paso,Texas,79907,Central
Tonja Turnell,Home Office,United States,Aurora,Illinois,60505,Central
Vivek Grady,Corporate,United States,Virginia Beach,Virginia,23464,South
Muhammed Yedwab,Corporate,United States,Grapevine,Texas,76051,Central
Rick Duston,Consumer,United States,Olympia,Washington,98502,West
Dennis Pardue,Home Office,United States,Peoria,Illinois,61604,Central
Marina Lichtenstein,Corporate,United States,Los Angeles,California,90008,West
Jenna Caffey,Consumer,United States,Kent,Washington,98031,West
James Galang,Consumer,United States,Los Angeles,California,90049,West
Marc Crier,Consumer,United States,Lafayette,Louisiana,70506,South
Natalie Webber,Consumer,United States,Tigard,Oregon,97224,West
Toby Braunhardt,Consumer,United States,Washington,District of Columbia,20016,East
Bill Stewart,Corporate,United States,Skokie,Illinois,60076,Central
Hilary Holden,Corporate,United States,San Francisco,California,94110,West
Christina DeMoss,Consumer,United States,Seattle,Washington,98105,West
Thea Hendricks,Consumer,United States,Los Angeles,California,90045,West
Michelle Moray,Consumer,United States,Seattle,Washington,98115,West
Neola Schneider,Consumer,United States,Dallas,Texas,75217,Central
Robert Barroso,Corporate,United States,North Las Vegas,Nevada,89031,West
Shaun Weien,Consumer,United States,Suffolk,Virginia,23434,South
Eric Barreto,Consumer,United States,San Francisco,California,94110,West
Pamela Stobb,Consumer,United States,Los Angeles,California,90008,West
Herbert Flentye,Consumer,United States,Indianapolis,Indiana,46203,Central
Henia Zydlo,Consumer,United States,Columbus,Ohio,43229,East
Cynthia Delaney,Home Office,United States,San Diego,California,92037,West
Jamie Kunitz,Consumer,United States,San Francisco,California,94122,West
Filia McAdams,Corporate,United States,Dublin,Ohio,43017,East
Emily Ducich,Home Office,United States,San Diego,California,92037,West
Dianna Arnett,Home Office,United States,Houston,Texas,77095,Central
Joni Wasserman,Consumer,United States,Oakland,California,94601,West
Raymond Messe,Consumer,United States,Houston,Texas,77095,Central
Max Ludwig,Home Office,United States,Suffolk,Virginia,23434,South
Craig Carroll,Consumer,United States,Greensboro,North Carolina,27405,South
Jim Epp,Corporate,United States,Milwaukee,Wisconsin,53209,Central
Roy Phan,Corporate,United States,Kenosha,Wisconsin,53142,Central
Thomas Boland,Corporate,United States,Houston,Texas,77041,Central
Brad Eason,Home Office,United States,Olathe,Kansas,66062,Central
Jill Fjeld,Consumer,United States,Dallas,Texas,75081,Central
Phillip Breyer,Corporate,United States,Tulsa,Oklahoma,74133,Central
Brian Thompson,Consumer,United States,Newark,Ohio,43055,East
Janet Lee,Consumer,United States,Chicago,Illinois,60623,Central
Cathy Hwang,Home Office,United States,Raleigh,North Carolina,27604,South
Neil Ducich,Corporate,United States,Macon,Georgia,31204,South
Barbara Fisher,Corporate,United States,Charlotte,North Carolina,28205,South
Katharine Harms,Corporate,United States,Bowling Green,Kentucky,42104,South
Giulietta Weimer,Consumer,United States,Seattle,Washington,98115,West
Noah Childs,Corporate,United States,Aurora,Colorado,80013,West
Michelle Ellison,Corporate,United States,San Francisco,California,94122,West
Benjamin Patterson,Consumer,United States,Spokane,Washington,99207,West
John Castell,Consumer,United States,San Antonio,Texas,78207,Central
Adam Shillingsburg,Consumer,United States,Charlottesville,Virginia,22901,South
Amy Cox,Consumer,United States,Minneapolis,Minnesota,55407,Central
Michael Dominguez,Corporate,United States,Indianapolis,Indiana,46203,Central
Duane Benoit,Consumer,United States,Oceanside,New York,11572,East
Erica Hackney,Consumer,United States,Roswell,Georgia,30076,South
Edward Hooks,Corporate,United States,Watertown,New York,13601,East
Scot Coram,Corporate,United States,Arlington,Texas,76017,Central
Joe Elijah,Consumer,United States,Broomfield,Colorado,80020,West
Ann Chong,Corporate,United States,New York City,New York,10009,East
Joy Daniels,Consumer,United States,Chicago,Illinois,60610,Central
Christy Brittain,Consumer,United States,Columbus,Ohio,43229,East
Joy Smith,Consumer,United States,Houston,Texas,77036,Central
Luke Weiss,Consumer,United States,Pasadena,California,91104,West
Stuart Calhoun,Consumer,United States,Houston,Texas,77041,Central
Anne McFarland,Consumer,United States,Auburn,Alabama,36830,South
Rick Huthwaite,Home Office,United States,Providence,Rhode Island,2908,East
Carol Triggs,Consumer,United States,Rochester,Minnesota,55901,Central
Matt Collister,Corporate,United States,Perth Amboy,New Jersey,8861,East
Corey Catlett,Corporate,United States,Philadelphia,Pennsylvania,19134,East
Kelly Andreada,Consumer,United States,Ontario,California,91761,West
Tamara Chand,Corporate,United States,Seattle,Washington,98105,West
Bart Folk,Consumer,United States,Baltimore,Maryland,21215,East
Magdelene Morse,Consumer,United States,Wilmington,Delaware,19805,East
Adrian Hane,Home Office,United States,Tucson,Arizona,85705,West
Ben Wallace,Consumer,United States,Boynton Beach,Florida,33437,South
Scot Wooten,Consumer,United States,Stockton,California,95207,West
Brian Stugart,Consumer,United States,Philadelphia,Pennsylvania,19143,East
Randy Ferguson,Corporate,United States,Dover,New Hampshire,3820,East
William Brown,Consumer,United States,Philadelphia,Pennsylvania,19134,East
Trudy Brown,Consumer,United States,Grand Prairie,Texas,75051,Central
Art Ferguson,Consumer,United States,College Station,Texas,77840,Central
Richard Bierner,Consumer,United States,Saint Louis,Missouri,63116,Central
Karen Ferguson,Home Office,United States,Manteca,California,95336,West
John Huston,Consumer,United States,Kent,Ohio,44240,East
Ivan Liston,Consumer,United States,San Francisco,California,94122,West
Patrick Bzostek,Home Office,United States,Salt Lake City,Utah,84106,West
Rob Haberlin,Consumer,United States,Huntsville,Alabama,35810,South
Arthur Wiediger,Home Office,United States,Aurora,Illinois,60505,Central
Maris LaWare,Consumer,United States,Fairfield,Connecticut,6824,East
Dorothy Badders,Corporate,United States,Jacksonville,Florida,32216,South
Matt Hagelstein,Corporate,United States,San Francisco,California,94110,West
Dennis Kane,Consumer,United States,Marion,Ohio,43302,East
Bobby Trafton,Consumer,United States,Littleton,Colorado,80122,West
Denny Blanton,Consumer,United States,La Porte,Indiana,46350,Central
Toby Gnade,Consumer,United States,Los Angeles,California,90049,West
Barry Franz,Home Office,United States,Pasadena,California,91104,West
Justin MacKendrick,Consumer,United States,Los Angeles,California,90004,West
Maria Zettner,Home Office,United States,San Diego,California,92024,West
Mitch Webber,Consumer,United States,New York City,New York,10035,East
Mark Van Huff,Consumer,United States,Arlington,Virginia,22204,South
Sean Miller,Home Office,United States,Monroe,North Carolina,28110,South
Tom Prescott,Consumer,United States,Seattle,Washington,98115,West
Jim Karlsson,Consumer,United States,Seattle,Washington,98115,West
Patrick Jones,Corporate,United States,Murfreesboro,Tennessee,37130,South
Ricardo Sperren,Corporate,United States,Seattle,Washington,98115,West
Susan Vittorini,Consumer,United States,New York City,New York,10009,East
Becky Castell,Home Office,United States,Peoria,Arizona,85345,West
Elizabeth Moffitt,Corporate,United States,Sioux Falls,South Dakota,57103,Central
Brendan Murry,Corporate,United States,New York City,New York,10035,East
Kristina Nunn,Home Office,United States,Fort Collins,Colorado,80525,West
Kelly Williams,Consumer,United States,Clarksville,Tennessee,37042,South
Scott Cohen,Corporate,United States,San Francisco,California,94122,West
Christina VanderZanden,Consumer,United States,Fresno,California,93727,West
Speros Goranitis,Consumer,United States,New York City,New York,10009,East
Tamara Manning,Consumer,United States,San Francisco,California,94122,West
Eleni McCrary,Corporate,United States,Los Angeles,California,90036,West
Michelle Lonsdale,Corporate,United States,Albuquerque,New Mexico,87105,West
Clay Rozendal,Home Office,United States,Elmhurst,Illinois,60126,Central
Annie Zypern,Consumer,United States,New York City,New York,10009,East
Pierre Wener,Consumer,United States,Louisville,Colorado,80027,West
Shahid Collister,Consumer,United States,Seattle,Washington,98115,West
Carlos Meador,Consumer,United States,Fayetteville,North Carolina,28314,South
Greg Maxwell,Corporate,United States,Los Angeles,California,90036,West
Tim Brockman,Consumer,United States,New York City,New York,10024,East
John Murray,Consumer,United States,Jamestown,New York,14701,East
Sonia Cooley,Consumer,United States,Mishawaka,Indiana,46544,Central
Luke Schmidt,Corporate,United States,Skokie,Illinois,60076,Central
Ralph Ritter,Consumer,United States,San Francisco,California,94110,West
Daniel Byrd,Home Office,United States,Tampa,Florida,33614,South
Thomas Thornton,Consumer,United States,Houston,Texas,77041,Central
Lori Olson,Corporate,United States,La Quinta,California,92253,West
Ken Dana,Corporate,United States,Scottsdale,Arizona,85254,West
Nicole Brennan,Corporate,United States,Philadelphia,Pennsylvania,19134,East
Brian Derr,Consumer,United States,Bowling Green,Kentucky,42104,South
Chris McAfee,Consumer,United States,Carrollton,Texas,75007,Central
Edward Nazzal,Consumer,United States,New York City,New York,10035,East
Kean Nguyen,Corporate,United States,Jacksonville,Florida,32216,South
Bill Overfelt,Corporate,United States,Los Angeles,California,90045,West
Aleksandra Gannaway,Corporate,United States,Los Angeles,California,90049,West
Matthew Clasen,Corporate,United States,Saint Louis,Missouri,63116,Central
Tom Ashbrook,Home Office,United States,New York City,New York,10024,East
Jason Fortune-,Consumer,United States,Seattle,Washington,98103,West
Tim Taslimi,Corporate,United States,Los Angeles,California,90045,West
Sarah Bern,Consumer,United States,New York City,New York,10035,East
Craig Leslie,Home Office,United States,Springfield,Missouri,65807,Central
Hunter Glantz,Consumer,United States,Amarillo,Texas,79109,Central
Nancy Lomonaco,Home Office,United States,Los Angeles,California,90045,West
Rick Reed,Corporate,United States,Lowell,Massachusetts,1852,East
Toby Carlisle,Consumer,United States,San Diego,California,92024,West
Stewart Visinsky,Consumer,United States,Pueblo,Colorado,81001,West
Bobby Elias,Consumer,United States,Lancaster,Ohio,43130,East
Steve Carroll,Home Office,United States,Columbus,Georgia,31907,South
David Flashing,Consumer,United States,Vallejo,California,94591,West
Fred Harton,Consumer,United States,Seattle,Washington,98105,West
MaryBeth Skach,Consumer,United States,San Diego,California,92037,West
Ritsa Hightower,Consumer,United States,Tallahassee,Florida,32303,South
George Ashbrook,Consumer,United States,San Francisco,California,94122,West
Julie Prescott,Home Office,United States,Columbus,Georgia,31907,South
Dean percer,Home Office,United States,Murray,Utah,84107,West
Michael Oakman,Consumer,United States,Dallas,Texas,75220,Central
Denise Leinenbach,Consumer,United States,Las Cruces,New Mexico,88001,West
Michelle Huthwaite,Consumer,United States,Seattle,Washington,98115,West
Daniel Raglin,Home Office,United States,Franklin,Massachusetts,2038,East
Darrin Martin,Consumer,United States,Encinitas,California,92024,West
Carol Adams,Corporate,United States,Hoover,Alabama,35244,South
Anna Chung,Consumer,United States,Huntsville,Texas,77340,Central
Denise Monton,Corporate,United States,Roswell,Georgia,30076,South
Vicky Freymann,Home Office,United States,Columbus,Indiana,47201,Central
Christopher Conant,Consumer,United States,Fayetteville,North Carolina,28314,South
Beth Fritzler,Corporate,United States,Tucson,Arizona,85705,West
Harry Greene,Consumer,United States,Lake Charles,Louisiana,70601,South
Becky Pak,Consumer,United States,Columbus,Georgia,31907,South
Eugene Moren,Home Office,United States,Glendale,Arizona,85301,West
Michelle Arnett,Home Office,United States,Watertown,New York,13601,East
Andy Yotov,Corporate,United States,Oceanside,California,92054,West
Giulietta Baptist,Consumer,United States,Philadelphia,Pennsylvania,19134,East
Julia Barnett,Home Office,United States,Columbus,Georgia,31907,South
Michael Grace,Home Office,United States,New York City,New York,10011,East
Sharelle Roach,Home Office,United States,Louisville,Colorado,80027,West
Joy Bell-,Consumer,United States,Brownsville,Texas,78521,Central
Dario Medina,Corporate,United States,Lincoln Park,Michigan,48146,Central
Tony Chapman,Home Office,United States,Columbus,Georgia,31907,South
Sean Wendt,Home Office,United States,Detroit,Michigan,48227,Central
Richard Eichhorn,Consumer,United States,Dallas,Texas,75081,Central
Benjamin Farhat,Home Office,United States,Albuquerque,New Mexico,87105,West
Katrina Bavinger,Home Office,United States,Apple Valley,California,92307,West
Jason Gross,Corporate,United States,Providence,Rhode Island,2908,East
Erin Creighton,Consumer,United States,New York City,New York,10024,East
Eugene Barchas,Consumer,United States,Philadelphia,Pennsylvania,19134,East
Jennifer Patt,Corporate,United States,Oceanside,New York,11572,East
Cari Sayre,Corporate,United States,Seattle,Washington,98105,West
Gary Hansen,Home Office,United States,Glendale,Arizona,85301,West
Pete Takahito,Consumer,United States,Houston,Texas,77070,Central
Jack Lebron,Consumer,United States,Houston,Texas,77036,Central
Aaron Hawkins,Corporate,United States,Philadelphia,Pennsylvania,19134,East
Cindy Chapman,Consumer,United States,New York City,New York,10024,East
David Wiener,Corporate,United States,Houston,Texas,77095,Central
Sarah Jordon,Consumer,United States,Grand Prairie,Texas,75051,Central
Bruce Geld,Consumer,United States,Philadelphia,Pennsylvania,19120,East
Laurel Beltran,Home Office,United States,Highland Park,Illinois,60035,Central
Candace McMahon,Corporate,United States,Pasadena,Texas,77506,Central
Evan Henry,Consumer,United States,Decatur,Alabama,35601,South
Tony Sayre,Consumer,United States,Columbia,Tennessee,38401,South
Patrick Ryan,Consumer,United States,Oakland,California,94601,West
Liz Carlisle,Consumer,United States,Mission Viejo,California,92691,West
Cindy Schnelling,Corporate,United States,Conroe,Texas,77301,Central
Dave Hallsten,Corporate,United States,Richmond,Kentucky,40475,South
Jack O'Briant,Corporate,United States,Philadelphia,Pennsylvania,19140,East
Anna Häberlin,Corporate,United States,New York City,New York,10024,East
Heather Jas,Home Office,United States,Jacksonville,Florida,32216,South
Mark Hamilton,Consumer,United States,Jacksonville,North Carolina,28540,South
Russell D'Ascenzo,Consumer,United States,Austin,Texas,78745,Central
Sam Craven,Consumer,United States,Plano,Texas,75023,Central
Stephanie Ulpright,Home Office,United States,Jackson,Mississippi,39212,South
Fred Chung,Corporate,United States,Mesquite,Texas,75150,Central
Randy Bradley,Consumer,United States,Philadelphia,Pennsylvania,19143,East
Nick Crebassa,Corporate,United States,Dallas,Texas,75217,Central
Darren Budd,Corporate,United States,Los Angeles,California,90004,West
Maureen Fritzler,Corporate,United States,Toledo,Ohio,43615,East
Roland Murray,Consumer,United States,New York City,New York,10011,East
Vivian Mathis,Consumer,United States,Newark,Delaware,19711,East
Ed Jacobs,Consumer,United States,San Diego,California,92037,West
Nathan Cano,Consumer,United States,Jacksonville,North Carolina,28540,South
Lycoris Saunders,Consumer,United States,Dover,Delaware,19901,East
Katrina Edelman,Corporate,United States,Bristol,Tennessee,37620,South
Duane Huffman,Home Office,United States,Quincy,Massachusetts,2169,East
Peter Fuller,Consumer,United States,Gilbert,Arizona,85234,West
Valerie Takahito,Home Office,United States,Philadelphia,Pennsylvania,19143,East
Maureen Gnade,Consumer,United States,Buffalo,New York,14215,East
Susan Pistek,Consumer,United States,Los Angeles,California,90036,West
Charles Sheldon,Corporate,United States,Columbia,Tennessee,38401,South
Dana Kaydos,Consumer,United States,Kenosha,Wisconsin,53142,Central
Khloe Miller,Consumer,United States,Roswell,Georgia,30076,South
Anna Andreadi,Consumer,United States,Chester,Pennsylvania,19013,East
Dorothy Dickinson,Consumer,United States,Houston,Texas,77041,Central
Amy Hunt,Consumer,United States,New York City,New York,10035,East
Tracy Poddar,Corporate,United States,Aurora,Colorado,80013,West
Eileen Kiefer,Home Office,United States,Santa Ana,California,92704,West
Cyra Reiten,Home Office,United States,New York City,New York,10035,East
Susan Gilcrest,Corporate,United States,Mcallen,Texas,78501,Central
Angele Hood,Consumer,United States,Chicago,Illinois,60623,Central
Neil Französisch,Home Office,United States,Rockford,Illinois,61107,Central
Bill Shonely,Corporate,United States,New York City,New York,10011,East
Stefanie Holloman,Corporate,United States,Jackson,Tennessee,38301,South
Roger Demir,Consumer,United States,Daytona Beach,Florida,32114,South
Alex Grayson,Consumer,United States,Stockton,California,95207,West
Georgia Rosenberg,Corporate,United States,San Francisco,California,94110,West
Vivek Sundaresam,Consumer,United States,Los Angeles,California,90036,West
Tony Molinari,Consumer,United States,Oklahoma City,Oklahoma,73120,Central
Tom Stivers,Corporate,United States,Los Angeles,California,90045,West
Dennis Bolton,Home Office,United States,New York City,New York,10009,East
Nick Radford,Consumer,United States,Aurora,Illinois,60505,Central
Cari Schnelling,Consumer,United States,Jacksonville,North Carolina,28540,South
Monica Federle,Corporate,United States,Los Angeles,California,90036,West
Liz Willingham,Consumer,United States,Norwich,Connecticut,6360,East
Alex Russell,Corporate,United States,Lawrence,Massachusetts,1841,East
Karen Seio,Corporate,United States,Lehi,Utah,84043,West
Aaron Bergman,Consumer,United States,Seattle,Washington,98103,West
Lisa Ryan,Corporate,United States,Philadelphia,Pennsylvania,19134,East
Shahid Shariari,Consumer,United States,Los Angeles,California,90008,West
Jill Matthias,Consumer,United States,Monroe,North Carolina,28110,South
Jason Klamczynski,Corporate,United States,Dallas,Texas,75220,Central
Don Miller,Corporate,United States,Houston,Texas,77070,Central
Muhammed Lee,Consumer,United States,Seattle,Washington,98103,West
Marc Harrigan,Home Office,United States,Los Angeles,California,90036,West
Frank Carlisle,Home Office,United States,Lakewood,Ohio,44107,East
Thea Hudgings,Corporate,United States,Philadelphia,Pennsylvania,19140,East
Juliana Krohn,Consumer,United States,Omaha,Nebraska,68104,Central
Sarah Brown,Consumer,United States,Concord,New Hampshire,3301,East
Barry Gonzalez,Consumer,United States,Monroe,Louisiana,71203,South
Barry Weirich,Consumer,United States,Raleigh,North Carolina,27604,South
Mitch Gastineau,Corporate,United States,Jacksonville,Florida,32216,South
Doug O'Connell,Consumer,United States,Los Angeles,California,90036,West
Barry Pond,Corporate,United States,Cranston,Rhode Island,2920,East
Trudy Schmidt,Consumer,United States,Milwaukee,Wisconsin,53209,Central
Evan Minnotte,Home Office,United States,Virginia Beach,Virginia,23464,South
Anthony O'Donnell,Corporate,United States,Los Angeles,California,90045,West
Mark Haberlin,Corporate,United States,New York City,New York,10035,East
Shirley Schmidt,Home Office,United States,Louisville,Kentucky,40214,South
Lela Donovan,Corporate,United States,Chicago,Illinois,60653,Central
Victoria Pisteka,Corporate,United States,San Francisco,California,94109,West
Theresa Coyne,Corporate,United States,Lakewood,New Jersey,8701,East
Ionia McGrath,Consumer,United States,Roseville,California,95661,West
Anemone Ratner,Consumer,United States,Columbus,Georgia,31907,South
Craig Molinari,Corporate,United States,Huntsville,Texas,77340,Central
Fred Wasserman,Corporate,United States,Huntsville,Alabama,35810,South
Lindsay Castell,Home Office,United States,Arlington,Virginia,22204,South
Harold Engle,Corporate,United States,Chicago,Illinois,60623,Central
Brendan Dodson,Home Office,United States,Fresno,California,93727,West
Harold Dahlen,Home Office,United States,Philadelphia,Pennsylvania,19143,East
Carl Jackson,Corporate,United States,Philadelphia,Pennsylvania,19140,East
Roy Skaria,Home Office,United States,Burlington,Iowa,52601,Central
Sung Chung,Consumer,United States,Arlington Heights,Illinois,60004,Central
Ricardo Emerson,Consumer,United States,Kent,Ohio,44240,East
Susan MacKendrick,Consumer,United States,Newark,Ohio,43055,East
